product_hs92_code,product_space_x,product_space_y,product_space_cluster_name
8518,-1.4967934911,-1.7847219933,Electronic and Electrical Goods
8535,-1.1651528765,-1.1642150319,Metalworking and Electrical Machinery and Parts
9608,-0.6175620861,-1.3762136943,Textile and Home Goods
1519,0.3527594827,0.9301673541,Agriculture
6805,-0.6953764261,-0.1263050482,Textile and Home Goods
8202,-1.6389820876,-0.17746564,Metalworking and Electrical Machinery and Parts
8607,-0.6144569216,0.1914656267,Metalworking and Electrical Machinery and Parts
4015,0.6171878202,-1.3720867394,Textile and Home Goods
604,2.2855992097,0.6787395333,Agriculture
701,2.2591412154,1.2415419709,Agriculture
6306,1.2388066612,-0.2714799387,Textile and Home Goods
713,1.9864849714,1.4391142257,Agriculture
4806,-1.2480144002,-0.3936596808,Agriculture
8409,-0.9129111252,-0.4540633044,Metalworking and Electrical Machinery and Parts
207,1.0466527006,1.0149181413,Agriculture
1509,2.1951713424,1.1973218065,Agriculture
1512,1.2104860572,1.5870433395,Agriculture
3404,-2.0433789161,0.8730408963,Industrial Chemicals and Metals
3808,0.8752847888,0.4179778834,"Construction, Building, and Home Supplies"
1701,1.7184663926,1.2247373732,Agriculture
5402,1.1139041018,-1.387738555,Textile and Home Goods
6301,2.653308882,-1.1978054641,Textile Apparel and Accessories
6909,-1.4818366789,0.2909759422,Industrial Chemicals and Metals
7413,-0.2230571581,0.9748870811,"Construction, Building, and Home Supplies"
9706,-2.5038855381,-0.0697999658,Textile and Home Goods
2303,0.8065746724,1.2778087918,Agriculture
4104,1.8357736933,1.3815248439,Agriculture
8524,-1.9952887548,-0.9251442223,Electronic and Electrical Goods
8605,-0.7655508816,0.4162199441,Industrial Chemicals and Metals
7322,0.1957217262,0.2439587601,"Construction, Building, and Home Supplies"
6217,2.7793396195,-1.6042790342,Textile Apparel and Accessories
4908,0.0185250669,-1.3105327013,Agriculture
6209,2.9170582341,-1.3117506514,Textile Apparel and Accessories
7501,-0.4296178715,1.8562032041,Industrial Chemicals and Metals
7320,-0.6501269141,-0.5266912947,Metalworking and Electrical Machinery and Parts
3816,-0.1469251515,0.1927881061,"Construction, Building, and Home Supplies"
8105,-1.03914219,1.7849121355,Industrial Chemicals and Metals
7616,-0.2237114464,-0.8292282713,Metalworking and Electrical Machinery and Parts
8509,-0.3360212021,-1.0505446631,Electronic and Electrical Goods
2804,-1.5543597379,0.9405738813,Industrial Chemicals and Metals
7102,-0.8165100573,1.8875412248,Industrial Chemicals and Metals
2933,-2.7774254962,0.7634535044,Industrial Chemicals and Metals
6404,2.7140597028,-1.5748460101,Textile Apparel and Accessories
708,2.097306241,1.1702104757,Agriculture
809,2.3846793569,1.4067748307,Agriculture
3923,1.2555526644,0.0439019511,"Construction, Building, and Home Supplies"
8504,-1.3988420723,-1.3743074843,Electronic and Electrical Goods
4016,-0.5894481059,-0.7288026435,Metalworking and Electrical Machinery and Parts
709,2.3897526436,1.1662761246,Agriculture
2836,-0.4598654563,0.7723774436,Industrial Chemicals and Metals
2707,-1.1049153752,1.3023382602,Minerals
2009,1.9406548343,0.8620508161,Agriculture
9406,0.3837579434,-0.1161654673,"Construction, Building, and Home Supplies"
2613,-0.5753756802,1.9015923095,Minerals
6201,2.9035107428,-1.486742442,Textile Apparel and Accessories
5701,1.7908275148,-0.7750282202,Textile and Home Goods
2306,1.2118755717,1.5229525418,Agriculture
1005,1.3304116116,1.572149391,Agriculture
4002,-1.8613664552,0.9616546516,Industrial Chemicals and Metals
2510,0.1919073163,1.3606494625,Minerals
8541,-1.9185079617,-1.9671853338,Electronic and Electrical Goods
8452,1.4153932912,-1.6992538071,Textile and Home Goods
7219,-1.8140832881,0.6225920761,Industrial Chemicals and Metals
9017,-1.7660368356,-0.8950831049,Industrial Chemicals and Metals
6914,-0.2004816128,-1.4112208362,Textile and Home Goods
4201,-0.2707791868,-1.1396807691,Agriculture
8102,-1.7823529635,1.4708660428,Industrial Chemicals and Metals
8459,-1.5239313878,-0.354433011,Metalworking and Electrical Machinery and Parts
802,2.4268149626,1.2271890179,Agriculture
2505,0.6996560863,0.5707284862,Minerals
5408,1.4142593055,-1.4234847417,Textile and Home Goods
7608,0.0863215148,-0.5450593338,"Construction, Building, and Home Supplies"
2914,-2.4771155908,0.9646791359,Industrial Chemicals and Metals
2849,-1.3442043205,0.7309410974,Industrial Chemicals and Metals
4819,1.4432685536,0.2965580802,Agriculture
9032,-1.4336569601,-1.1676943904,Electronic and Electrical Goods
3402,1.2239587849,0.2483366209,Industrial Chemicals and Metals
7306,0.5825077881,0.186266388,"Construction, Building, and Home Supplies"
6908,0.8402196294,-0.6269006427,Textile and Home Goods
5602,-0.0803105551,-0.2932760187,Textile Apparel and Accessories
6108,2.9524231202,-1.4276923132,Textile Apparel and Accessories
6907,0.877547625,-0.6762963107,"Construction, Building, and Home Supplies"
6206,2.9419883737,-1.5489304036,Textile Apparel and Accessories
6406,2.6748387152,-1.4141214656,Textile Apparel and Accessories
9113,-1.3290418014,-2.0826073204,Electronic and Electrical Goods
7004,-1.7516671284,0.2489388187,Industrial Chemicals and Metals
8537,-1.2372120101,-1.2202484302,Electronic and Electrical Goods
9003,-1.1066971693,-1.6588189536,Electronic and Electrical Goods
1905,1.5316268206,0.5451000985,Agriculture
4808,1.1409256656,0.5081794071,Agriculture
5603,-1.6526265331,0.5156065528,Textile Apparel and Accessories
8513,-0.6105232446,-1.5732118664,Metalworking and Electrical Machinery and Parts
4809,-1.3107938021,0.1111747966,Agriculture
1208,1.4774788528,1.5965466293,Agriculture
4907,0.9102537275,0.8448740324,Agriculture
102,1.4285194044,1.4144773868,Agriculture
8215,0.6148960077,-1.3125951726,Textile and Home Goods
2901,-1.4842837649,1.2308453541,Industrial Chemicals and Metals
8451,-0.3206862927,-0.863992853,Metalworking and Electrical Machinery and Parts
7117,1.0718051748,-1.7566619199,Textile and Home Goods
305,2.5663386012,-0.0339233246,Agriculture
1003,0.9053298456,1.3523542973,Agriculture
4804,-1.0466714268,0.7509200482,Agriculture
4911,0.7355667527,0.3556322992,Agriculture
5516,1.4522640247,-1.5281660624,Textile and Home Goods
7226,-1.5279537663,0.5124274645,Industrial Chemicals and Metals
5403,0.9621028526,-1.2181110246,Textile and Home Goods
7228,-0.8088259749,0.3306873178,"Construction, Building, and Home Supplies"
8417,-0.4694284093,-0.0839516733,"Construction, Building, and Home Supplies"
4012,-0.6887100576,-0.2431174523,Industrial Chemicals and Metals
2915,-2.1863488929,0.7845251003,Industrial Chemicals and Metals
6116,2.6156914296,-1.391037266,Textile Apparel and Accessories
9024,-1.9632276487,-0.9709152208,Metalworking and Electrical Machinery and Parts
4005,-0.4890956941,-0.6894351018,Metalworking and Electrical Machinery and Parts
8212,0.250630473,-0.5309027728,"Construction, Building, and Home Supplies"
7323,0.963785186,-0.9692174775,Textile and Home Goods
1202,1.9180686521,1.5061290033,Agriculture
6402,2.7532915717,-1.4810458899,Textile Apparel and Accessories
5705,1.5463705292,-1.0135963301,Textile and Home Goods
8438,-0.0974906517,0.025675731,"Construction, Building, and Home Supplies"
2811,-1.4219761132,0.7112219902,Industrial Chemicals and Metals
1214,1.626954056,1.5358145018,Agriculture
5703,0.7825828371,-0.6201788036,Textile and Home Goods
6202,2.8511667598,-1.5420837626,Textile Apparel and Accessories
7008,0.1441127248,0.218930321,"Construction, Building, and Home Supplies"
8712,-0.062994747,-1.2962719661,Textile and Home Goods
9613,-1.0500101129,-1.714674072,Electronic and Electrical Goods
2844,-1.3214882344,1.5752769841,Industrial Chemicals and Metals
707,2.3387461524,1.3676720453,Agriculture
8533,-1.7929549652,-1.7882059094,Electronic and Electrical Goods
8470,-1.5705595329,-1.7850962213,Electronic and Electrical Goods
4411,0.6029283327,1.1074606246,Agriculture
8525,-1.6543048319,-1.616492214,Electronic and Electrical Goods
2926,-2.4234992208,0.9966793729,Industrial Chemicals and Metals
7312,-0.1763146974,-0.5300172923,"Construction, Building, and Home Supplies"
8415,-0.9874240081,-1.4086287931,Metalworking and Electrical Machinery and Parts
5608,1.8008438786,-0.9090480091,Textile and Home Goods
9612,-1.3696457624,-1.6639328997,Electronic and Electrical Goods
9001,-1.6228235562,-1.8327769929,Electronic and Electrical Goods
2102,1.5562251396,0.480538031,Agriculture
5804,1.7151756946,-1.5863378725,Textile and Home Goods
9402,-1.0735654707,-0.8202966373,Metalworking and Electrical Machinery and Parts
8303,-0.0133904855,-0.7477322169,"Construction, Building, and Home Supplies"
8446,-1.8210458989,-0.2177977399,Textile and Home Goods
3918,-0.7618240118,0.0608371217,Metalworking and Electrical Machinery and Parts
2833,-0.4784037071,0.9731608675,Industrial Chemicals and Metals
8529,-1.6565021965,-1.7440125994,Electronic and Electrical Goods
3405,0.9490985741,0.2089706774,"Construction, Building, and Home Supplies"
5515,1.5791463213,-1.5048283229,Textile and Home Goods
8714,-1.0367113038,-1.6102985854,Electronic and Electrical Goods
2605,-0.4877341777,1.9010101178,Minerals
8477,-1.3383863323,-0.7512654974,Metalworking and Electrical Machinery and Parts
3104,-0.0872056769,1.2319727437,Industrial Chemicals and Metals
8514,-1.4222065171,-0.4823750059,Metalworking and Electrical Machinery and Parts
6115,2.8179568743,-1.4087742226,Textile Apparel and Accessories
8706,-0.7466739635,-0.2365106192,Metalworking and Electrical Machinery and Parts
9303,-1.0662889507,-0.0691823194,Metalworking and Electrical Machinery and Parts
5309,1.0474617123,-1.2468671828,Textile and Home Goods
7410,-1.8317052418,-1.9700332784,Electronic and Electrical Goods
9004,-1.0927174797,-1.757777501,Electronic and Electrical Goods
2903,-2.2080183501,0.9091608079,Industrial Chemicals and Metals
8802,-2.2065688352,-0.734715061,Industrial Chemicals and Metals
1804,2.2364624804,0.5038356989,Agriculture
7507,-2.117171978,1.0254921759,Industrial Chemicals and Metals
1520,0.6462953063,0.5869630854,Agriculture
6107,3.0607795757,-1.3431386875,Textile Apparel and Accessories
8461,-1.6059599975,-0.4469605193,Metalworking and Electrical Machinery and Parts
8480,-0.8598448758,-0.832615767,Metalworking and Electrical Machinery and Parts
7321,0.3624179228,-0.5191970278,"Construction, Building, and Home Supplies"
404,0.943050671,1.0876186984,Agriculture
8609,-0.1540786753,-0.3653897674,"Construction, Building, and Home Supplies"
6112,2.8900334914,-1.4090827795,Textile Apparel and Accessories
7301,0.0236316091,0.3031054275,"Construction, Building, and Home Supplies"
7213,-0.0454278115,0.4202746282,Metalworking and Electrical Machinery and Parts
201,1.3460930132,1.2963227931,Agriculture
4805,0.6635892294,1.1395988924,Agriculture
8539,-0.5366922202,-1.1208999398,Metalworking and Electrical Machinery and Parts
7227,-1.3078104112,0.3141378285,Metalworking and Electrical Machinery and Parts
8410,-1.0458093532,-0.1400556851,Metalworking and Electrical Machinery and Parts
4014,-0.8335751048,-0.7188752583,Metalworking and Electrical Machinery and Parts
8412,-1.0713256198,-0.3853431481,Metalworking and Electrical Machinery and Parts
8523,-1.7601845527,-1.8577268515,Electronic and Electrical Goods
2002,2.2851407249,1.3921435077,Agriculture
8442,-1.3163911064,-0.8422160098,Metalworking and Electrical Machinery and Parts
8478,0.5813921418,0.3599828735,Metalworking and Electrical Machinery and Parts
2007,1.8481974078,0.8289001055,Agriculture
3208,0.8526918821,0.2187069976,"Construction, Building, and Home Supplies"
6804,-1.2823530752,-0.1749714378,Metalworking and Electrical Machinery and Parts
8440,-1.640963292,-0.2328325603,Metalworking and Electrical Machinery and Parts
1602,1.119563271,0.907851587,Agriculture
3302,-2.7117059843,0.5181249044,Industrial Chemicals and Metals
3702,-2.3470303196,0.7343705588,Industrial Chemicals and Metals
5911,-0.5928832572,-0.5003740553,Textile and Home Goods
3001,-2.7593747064,0.4696536047,Industrial Chemicals and Metals
5903,0.3247530326,-1.3861215468,Textile and Home Goods
3822,-2.5231694685,0.1259394744,Industrial Chemicals and Metals
3903,-1.8607858301,0.7407433552,Industrial Chemicals and Metals
8707,-0.2727168656,0.0616966771,"Construction, Building, and Home Supplies"
7317,0.6564964701,0.0860483391,"Construction, Building, and Home Supplies"
9028,-0.6192748629,-0.6646261388,"Construction, Building, and Home Supplies"
3503,-1.1396080615,0.9046413649,"Construction, Building, and Home Supplies"
8519,-1.5395876033,-1.8621656424,Electronic and Electrical Goods
9102,-1.26334393,-1.9505378911,Electronic and Electrical Goods
6104,3.1144308516,-1.4545760235,Textile Apparel and Accessories
8458,-1.5740722598,-0.1671415642,Metalworking and Electrical Machinery and Parts
9607,1.344616081,-1.6556826596,Textile and Home Goods
1201,1.3294457371,1.6937828105,Agriculture
2704,-0.6277107992,1.1450503983,Minerals
5513,1.617401312,-1.548288371,Textile and Home Goods
7315,-1.076003387,-0.3135745356,Metalworking and Electrical Machinery and Parts
8434,0.4276416599,0.7493138717,Metalworking and Electrical Machinery and Parts
2930,-2.5705787494,0.759446113,Industrial Chemicals and Metals
4011,-0.1784168806,-0.6196547956,"Construction, Building, and Home Supplies"
9010,-2.12615021,-0.8002933004,Industrial Chemicals and Metals
2608,-0.3797622381,1.9969841342,Minerals
5201,2.0286839092,1.5584481185,Textile and Home Goods
6309,-0.9876704284,-0.4165424869,Textile Apparel and Accessories
3006,-2.7143486415,0.4225939835,Industrial Chemicals and Metals
403,1.1813967272,0.7937808579,Agriculture
5208,1.7132506699,-1.4988021424,Textile and Home Goods
7112,0.428057964,0.8357201997,Industrial Chemicals and Metals
8422,-1.3471156988,-0.6733440381,Metalworking and Electrical Machinery and Parts
4008,-0.5673717588,-0.1232676605,Metalworking and Electrical Machinery and Parts
4813,0.4760328318,0.3653623453,Agriculture
8463,-1.590779139,-0.2558029674,Metalworking and Electrical Machinery and Parts
9504,-1.1610323822,-1.6143821837,Electronic and Electrical Goods
9305,-1.2282647104,-0.249046739,Metalworking and Electrical Machinery and Parts
4811,-0.9748051625,0.6075108508,Agriculture
6204,2.9812278229,-1.3526268246,Textile Apparel and Accessories
3301,2.2108622194,1.0854526449,Textile Apparel and Accessories
2614,0.1149512598,1.9511587403,Minerals
4802,-1.066374779,0.6859620004,Agriculture
9505,0.8176028816,-1.7283517277,Textile Apparel and Accessories
1515,1.9928071707,0.9988199155,Agriculture
7324,0.0492102908,-0.877551182,"Construction, Building, and Home Supplies"
3603,-0.7428262371,0.2071776976,Metalworking and Electrical Machinery and Parts
7901,-0.6307259784,1.585678421,Industrial Chemicals and Metals
7005,-0.2614786705,-0.513917646,Textile and Home Goods
4301,0.2819779934,0.4106356753,Agriculture
3812,-2.2359862264,0.5088824053,Industrial Chemicals and Metals
8211,-0.786927581,-1.4455926339,Metalworking and Electrical Machinery and Parts
6212,2.8346753684,-1.4736888843,Textile Apparel and Accessories
1604,2.5841485947,0.0297200568,Agriculture
6215,2.6718185232,-1.7304680617,Textile Apparel and Accessories
6109,3.0201694404,-1.5500273695,Textile Apparel and Accessories
7010,1.0011987655,0.0746719266,"Construction, Building, and Home Supplies"
6405,3.0611188544,-1.6672945295,Textile Apparel and Accessories
3905,-2.2657697636,0.6095097521,Industrial Chemicals and Metals
5514,1.5114729918,-1.4302747675,Textile and Home Goods
7210,-0.4207171539,0.4016891255,"Construction, Building, and Home Supplies"
1212,2.5076953431,1.2176582641,Agriculture
8903,-0.8327982482,-0.1080025915,"Construction, Building, and Home Supplies"
9209,-1.051631315,-1.5393276157,Metalworking and Electrical Machinery and Parts
7304,-0.9770859714,0.0932362985,Metalworking and Electrical Machinery and Parts
8474,-0.7810292051,-0.2905003686,"Construction, Building, and Home Supplies"
2815,-1.6369878623,1.1394800391,Industrial Chemicals and Metals
3913,-2.6123087062,0.4062600045,Industrial Chemicals and Metals
3105,0.1187647527,1.1850570723,"Construction, Building, and Home Supplies"
2507,-1.0317750123,0.4382888302,Minerals
202,1.375462936,1.3659839501,Agriculture
4420,2.46429273,-0.9723336469,Agriculture
3707,-2.3164190035,0.9051621766,Industrial Chemicals and Metals
6802,1.4437879251,-0.2152069398,"Construction, Building, and Home Supplies"
8501,-0.6846477603,-1.0404241414,Metalworking and Electrical Machinery and Parts
7009,-0.4215094156,-0.7941899955,Metalworking and Electrical Machinery and Parts
4013,0.520878755,-1.1887997244,Textile and Home Goods
5502,-2.3601665195,0.9757086366,Industrial Chemicals and Metals
6102,3.0371321541,-1.4099774936,Textile Apparel and Accessories
3406,0.4948322966,-0.3142911474,"Construction, Building, and Home Supplies"
5806,1.3751846052,-1.6059587245,Textile and Home Goods
8460,-1.5664626353,-0.4040694043,Metalworking and Electrical Machinery and Parts
3922,0.8187844885,-0.1225857932,"Construction, Building, and Home Supplies"
3921,0.5286764193,-0.0765679138,"Construction, Building, and Home Supplies"
6208,3.1259617435,-1.5209823647,Textile Apparel and Accessories
2906,-2.6668506469,0.9240906846,Industrial Chemicals and Metals
306,2.6479776211,0.0695663262,Agriculture
8548,-1.7320763189,-1.7690058442,Electronic and Electrical Goods
7222,-1.5442142647,0.2807174488,Metalworking and Electrical Machinery and Parts
2818,-0.7612362344,0.7262597701,Industrial Chemicals and Metals
7002,-2.3445370183,0.8457833073,Industrial Chemicals and Metals
2912,-2.4003134017,0.8519411853,Industrial Chemicals and Metals
9404,1.3818988395,-0.4259836272,Textile Apparel and Accessories
1205,0.7996054595,1.2160844053,Agriculture
2001,2.1684960875,1.0447820381,Agriculture
407,1.6809977949,0.8453075391,Agriculture
2207,1.574720415,1.0586328242,Agriculture
4303,0.7101585662,-0.6110767029,Agriculture
8426,-1.2573746418,-0.4567505248,Metalworking and Electrical Machinery and Parts
3005,0.209841223,-0.2416787832,Metalworking and Electrical Machinery and Parts
8507,-0.616371126,-1.1182216571,Electronic and Electrical Goods
2302,1.5786951723,1.4009657587,Agriculture
3303,0.9006744524,0.165830077,"Construction, Building, and Home Supplies"
2936,-2.7792010732,0.6820729887,Industrial Chemicals and Metals
8464,-1.5721046877,-0.5557830004,Metalworking and Electrical Machinery and Parts
2105,1.4814252452,0.5960539992,Agriculture
7205,-1.2023540247,0.4958495641,Industrial Chemicals and Metals
8603,-1.2308821083,0.2160132072,Metalworking and Electrical Machinery and Parts
8531,-1.3976563084,-1.7198293918,Electronic and Electrical Goods
8301,-0.410541543,-0.9358737487,Metalworking and Electrical Machinery and Parts
8436,0.1488227082,0.6495024573,"Construction, Building, and Home Supplies"
2834,-0.1169471557,1.1526559422,Industrial Chemicals and Metals
2403,1.0458606835,0.4085334876,Agriculture
3810,-1.9307889957,0.4008536604,Industrial Chemicals and Metals
2920,-2.5996192967,0.9291114067,Industrial Chemicals and Metals
4909,1.1514527815,-0.0015540388,Agriculture
8204,-1.4410853914,-0.4243380303,Metalworking and Electrical Machinery and Parts
4823,0.9448002489,0.0381586983,Agriculture
3909,-1.5937828867,0.5860845301,Industrial Chemicals and Metals
2827,-2.2806731471,0.5536303067,Industrial Chemicals and Metals
7506,-1.9683543642,1.3671641962,Industrial Chemicals and Metals
1207,1.9772130034,1.5152531227,Agriculture
6303,2.0934849233,-1.2377506989,Textile and Home Goods
6305,2.8229592487,-1.0883716107,Textile Apparel and Accessories
8606,-0.0852259397,0.7373442582,"Construction, Building, and Home Supplies"
8528,-1.2922273699,-1.671378039,Electronic and Electrical Goods
5205,1.96285809,-1.5274766779,Textile and Home Goods
803,2.4380362244,0.7328316221,Agriculture
1702,0.8066905774,0.3535618373,Agriculture
504,1.8070144723,1.5255497935,Agriculture
2909,-1.7838912105,1.1820220522,Industrial Chemicals and Metals
7310,1.142082331,0.194231392,"Construction, Building, and Home Supplies"
8716,0.0942995165,-0.1897858351,"Construction, Building, and Home Supplies"
2401,1.9371243182,1.0290047399,Agriculture
7801,1.788643599,0.5504943679,"Construction, Building, and Home Supplies"
5503,-0.0123239888,-0.8772214352,Textile and Home Goods
7408,-0.4142919484,1.0128290938,Metalworking and Electrical Machinery and Parts
6304,2.7999677661,-1.2295501192,Textile Apparel and Accessories
8532,-1.6258294435,-2.1348363859,Electronic and Electrical Goods
8511,-0.5317863109,-0.6372008057,Metalworking and Electrical Machinery and Parts
804,2.3865025368,0.8633296725,Agriculture
4202,2.5971133212,-1.6833734593,Agriculture
8405,-1.1012863154,-0.2316738001,Metalworking and Electrical Machinery and Parts
3306,1.0405801616,0.0239560875,"Construction, Building, and Home Supplies"
6505,2.782642177,-1.5461404888,Textile Apparel and Accessories
703,2.3244579331,1.4404925803,Agriculture
3701,-2.3043958213,0.655558647,Industrial Chemicals and Metals
4410,0.578004245,1.2196204085,Agriculture
8207,-1.1954634877,-0.496978924,Metalworking and Electrical Machinery and Parts
4101,1.7060848586,1.3987289733,Agriculture
8543,-1.5329974044,-1.6623061488,Electronic and Electrical Goods
2701,-0.4113288531,1.6903566637,Minerals
601,2.3038826651,0.9419414042,Agriculture
7305,-0.7056966125,0.8281641977,Metalworking and Electrical Machinery and Parts
9207,-1.5870866861,-1.8901654843,Electronic and Electrical Goods
8402,-0.3226787452,-0.3168284398,"Construction, Building, and Home Supplies"
704,2.3954350427,1.3479657823,Agriculture
2826,-1.4224564218,0.454781734,Industrial Chemicals and Metals
5401,1.6626877473,-1.7125356009,Textile and Home Goods
3924,1.1112583391,-0.1617947652,"Construction, Building, and Home Supplies"
8526,-1.7903990044,-1.3970310696,Electronic and Electrical Goods
1006,2.0340997146,1.3343777401,Agriculture
2202,1.4354468035,0.5137689439,Agriculture
8404,-0.7698342297,-0.727005994,Metalworking and Electrical Machinery and Parts
2530,-0.1526963132,1.7135986932,Minerals
4902,0.8819847795,0.7032695344,Agriculture
6111,3.0930749369,-1.5702246126,Textile Apparel and Accessories
9018,-2.1350325271,-1.1118327611,Electronic and Electrical Goods
7214,0.2416672181,0.4822173662,"Construction, Building, and Home Supplies"
6103,3.1228085298,-1.3186299356,Textile Apparel and Accessories
7606,-0.8600299203,0.444847246,"Construction, Building, and Home Supplies"
8406,-1.0132923299,-0.3155879976,Metalworking and Electrical Machinery and Parts
8429,-1.3733274562,-0.3546626086,Metalworking and Electrical Machinery and Parts
1007,1.5745626962,1.6190236295,Agriculture
3206,-2.0114047388,0.5502328078,Industrial Chemicals and Metals
7502,-1.2935937156,1.6355196704,Industrial Chemicals and Metals
7614,0.5667444094,-0.3227412717,"Construction, Building, and Home Supplies"
8450,-0.0622664286,-0.7850998511,"Construction, Building, and Home Supplies"
8455,-0.9887860746,-0.0594725754,Metalworking and Electrical Machinery and Parts
2916,-2.268598798,1.0221375304,Industrial Chemicals and Metals
302,2.6183133511,-0.1453074844,Agriculture
8437,-0.1489134471,0.0617217736,"Construction, Building, and Home Supplies"
2304,1.3846188156,1.6304872288,Agriculture
8432,0.2528990556,0.6927449826,Agriculture
8479,-1.8197380558,-0.8299483753,Electronic and Electrical Goods
6903,-1.1042384683,0.0828854689,Metalworking and Electrical Machinery and Parts
8428,-1.1224618928,-0.5272537761,Metalworking and Electrical Machinery and Parts
8472,-1.5732023003,-1.7251913731,Metalworking and Electrical Machinery and Parts
2921,-2.6236935187,0.8745182756,Industrial Chemicals and Metals
2208,1.3056026953,0.577142242,Agriculture
4107,1.947608092,-0.4426091164,Agriculture
8408,-0.8462431,-0.2431761687,Metalworking and Electrical Machinery and Parts
2809,-0.4979434108,0.8207163356,"Construction, Building, and Home Supplies"
7307,-1.0068257385,-0.7717927832,Metalworking and Electrical Machinery and Parts
2523,1.5287447854,0.6955011592,Minerals
2604,-0.2954312401,1.9034691021,Minerals
8447,1.1631242142,-1.7558446556,Textile and Home Goods
1108,0.736200073,1.2177906718,Agriculture
7602,0.8627867997,0.4906637615,Industrial Chemicals and Metals
2615,0.2416825009,1.9829135169,Minerals
8108,-1.9249086535,1.4069500919,Industrial Chemicals and Metals
104,1.9318547999,1.6731939673,Agriculture
7318,-0.9584445921,-0.8882689888,Metalworking and Electrical Machinery and Parts
8538,-1.3243304731,-1.2438038108,Electronic and Electrical Goods
402,1.2731474758,1.1052495867,Agriculture
2610,-0.2432795151,1.8761000585,Minerals
7207,-0.5177619955,1.3511932879,"Construction, Building, and Home Supplies"
3307,0.7592080611,0.055719565,"Construction, Building, and Home Supplies"
3506,-2.3550081746,0.4119584506,Industrial Chemicals and Metals
203,0.9177166368,1.1558547999,Agriculture
2106,1.2732933351,0.4741760072,Agriculture
7212,-0.3823921067,0.2749722427,"Construction, Building, and Home Supplies"
8602,-0.2309423625,0.6844159608,Metalworking and Electrical Machinery and Parts
8503,-0.6208157996,-0.8446623274,Metalworking and Electrical Machinery and Parts
4415,0.9884488544,0.7759721632,Agriculture
3801,-1.2877113561,0.3814560134,Metalworking and Electrical Machinery and Parts
8483,-1.0285514364,-0.242723307,Metalworking and Electrical Machinery and Parts
7326,-0.5468146468,-0.9010792761,Metalworking and Electrical Machinery and Parts
714,2.4488952221,0.8327206936,Agriculture
3207,-1.9217411962,0.5739797269,Industrial Chemicals and Metals
8420,-1.5879203948,-0.0236155853,Metalworking and Electrical Machinery and Parts
2710,-0.891879512,1.3065975637,Minerals
3103,0.2264701598,1.316856353,Industrial Chemicals and Metals
9401,0.3475630775,-0.7281870688,"Construction, Building, and Home Supplies"
8905,-1.0344986563,1.266530516,Industrial Chemicals and Metals
901,2.3970360715,0.6653862381,Agriculture
7407,-0.4232954277,0.9477518376,"Construction, Building, and Home Supplies"
7601,-0.5909343301,1.2874940312,"Construction, Building, and Home Supplies"
8201,-0.6911170415,-1.1120492776,Metalworking and Electrical Machinery and Parts
8418,0.0434990378,-0.8061603784,Metalworking and Electrical Machinery and Parts
101,1.2879449187,1.2627173859,Agriculture
910,2.2707402686,0.9865940099,Agriculture
2917,-1.7450516823,0.9553914749,Industrial Chemicals and Metals
3214,0.4929237773,0.1300768468,"Construction, Building, and Home Supplies"
7314,0.7863564724,-0.1814532619,"Construction, Building, and Home Supplies"
6809,0.412700864,0.2007350572,"Construction, Building, and Home Supplies"
7612,0.5753566483,0.1193070713,"Construction, Building, and Home Supplies"
702,2.4583360959,1.3506336476,Agriculture
7615,1.0991038468,-0.9351408597,Textile and Home Goods
8208,-1.133211221,-0.4131893804,Metalworking and Electrical Machinery and Parts
8471,-1.8775643551,-1.8504752216,Electronic and Electrical Goods
2309,1.1463574875,0.2771022496,Agriculture
4803,1.0489212832,0.1164758419,Agriculture
5404,-0.38620022,-0.2312773463,Metalworking and Electrical Machinery and Parts
8427,-1.828200462,-0.1323497551,Metalworking and Electrical Machinery and Parts
4820,1.5808708353,0.188970951,Agriculture
8305,-0.437523616,-1.1735926023,Electronic and Electrical Goods
3802,-2.1190513987,0.7077085976,Industrial Chemicals and Metals
3507,-2.7009845931,0.6208806008,Industrial Chemicals and Metals
5407,1.5067112302,-1.5955010572,Textile and Home Goods
9603,0.8972455977,-1.4002137093,Textile and Home Goods
6601,0.0310811918,-1.4440740585,Textile Apparel and Accessories
4602,2.7863544364,-1.1639679141,Agriculture
8425,-1.2696237041,-0.6941460833,Metalworking and Electrical Machinery and Parts
8468,-1.2885318604,-0.794590711,Metalworking and Electrical Machinery and Parts
8904,-0.9617817499,1.1920367424,Textile and Home Goods
9006,-1.6374237285,-1.9175240157,Electronic and Electrical Goods
2807,-0.5505575942,1.228977736,Industrial Chemicals and Metals
8522,-1.6325802343,-1.9958649122,Electronic and Electrical Goods
3505,-0.5650997528,0.2925115051,"Construction, Building, and Home Supplies"
4102,1.9833261336,1.6584062054,Agriculture
7610,0.5947709718,-0.1874426855,"Construction, Building, and Home Supplies"
9101,-1.1977427072,-2.1072119451,Electronic and Electrical Goods
6911,0.5417389559,-1.1338457127,Textile and Home Goods
4302,0.4483849167,-0.1748380238,Agriculture
8517,-1.7718320831,-1.6928134751,Electronic and Electrical Goods
103,0.6782504107,0.8734235589,Agriculture
8515,-1.4056038667,-0.7216962478,Metalworking and Electrical Machinery and Parts
2910,-2.3076860302,1.0706201355,Industrial Chemicals and Metals
2603,-0.4521958621,1.9639597348,Minerals
1211,2.3534331922,1.1139970218,Agriculture
9005,-1.5439237077,-0.8052104993,Metalworking and Electrical Machinery and Parts
8485,-1.5305215867,-0.602289729,Metalworking and Electrical Machinery and Parts
7103,0.1812800674,1.9922546264,Minerals
2922,-2.6920771694,0.8600677777,Industrial Chemicals and Metals
4801,-1.2700810885,0.6411256101,Agriculture
2515,2.3187427677,1.0687852493,Minerals
6105,3.0165669728,-1.6254628541,Textile Apparel and Accessories
5504,-1.436114683,0.1754553571,Textile and Home Goods
8307,-0.6311273054,-0.7816901591,Metalworking and Electrical Machinery and Parts
3915,1.8443779241,0.2233078859,"Construction, Building, and Home Supplies"
6106,3.1060634435,-1.6292137165,Textile Apparel and Accessories
7208,-0.642351746,0.7833166206,"Construction, Building, and Home Supplies"
7311,-0.4177316845,-0.2774997267,"Construction, Building, and Home Supplies"
2924,-2.6367867004,0.8071780721,Industrial Chemicals and Metals
8101,-1.932626297,0.8256354287,Industrial Chemicals and Metals
813,2.3133336867,1.3178101386,Agriculture
8203,-0.8868943155,-1.128404565,Metalworking and Electrical Machinery and Parts
4414,0.4063157606,-1.3388768981,Agriculture
7007,-0.0633680147,-0.0601392902,"Construction, Building, and Home Supplies"
7217,0.2613920274,0.35402559,Metalworking and Electrical Machinery and Parts
204,1.8405229842,1.6800844975,Agriculture
7403,-0.4498293471,1.782909742,Industrial Chemicals and Metals
2822,-1.1519346996,1.7775450084,Industrial Chemicals and Metals
8416,-0.6083084575,0.1293620106,Metalworking and Electrical Machinery and Parts
8445,-1.8764931513,-0.2018641212,Metalworking and Electrical Machinery and Parts
8805,-2.4502529684,0.5480511282,Industrial Chemicals and Metals
2104,1.6411573027,0.4218615088,Agriculture
4412,0.7204245292,1.5454498442,Agriculture
9503,-0.7065168112,-1.5618887248,Electronic and Electrical Goods
3911,-2.2284695827,0.9694603165,Industrial Chemicals and Metals
2501,1.5949200311,1.2773844004,Minerals
8521,-1.4515199545,-1.8551409761,Electronic and Electrical Goods
2516,0.3811054562,1.3414006189,Minerals
810,2.4895625763,1.2847186179,Agriculture
2714,0.6898696373,0.7243627346,Minerals
2935,-2.8514392176,0.7235338988,Industrial Chemicals and Metals
4105,2.0939515997,1.5851486716,Agriculture
8112,-1.8263627939,1.5019829893,Industrial Chemicals and Metals
8407,-0.7261809782,-0.5090660886,Metalworking and Electrical Machinery and Parts
2715,0.5179741623,0.752675028,Minerals
801,2.4682974416,0.6519020149,Agriculture
3926,-0.5870296293,-1.498354371,Electronic and Electrical Goods
8441,-1.4114914224,-0.6252239119,Metalworking and Electrical Machinery and Parts
5501,-0.0187216241,-0.6519885676,"Construction, Building, and Home Supplies"
902,2.0454968512,1.4114615443,Agriculture
6002,1.7795952493,-1.6080713592,Textile and Home Goods
6810,0.6685154954,-0.1559439051,"Construction, Building, and Home Supplies"
1209,1.8357244826,1.2961641642,Agriculture
7907,-0.281575586,-0.9440861665,Metalworking and Electrical Machinery and Parts
8505,-1.4163137041,-1.6268952491,Electronic and Electrical Goods
8456,-2.1657510675,0.307879091,Industrial Chemicals and Metals
8547,-0.7294516252,-0.9186259964,Metalworking and Electrical Machinery and Parts
5211,1.5694991905,-1.4410003282,Textile and Home Goods
7215,0.1783543233,0.4107371859,"Construction, Building, and Home Supplies"
1104,1.308960271,1.3752717295,Agriculture
2713,-0.6725995143,0.9967231734,Minerals
4703,-1.0392956296,0.8247545649,Agriculture
7325,0.2514021334,-0.1088324336,"Construction, Building, and Home Supplies"
8710,-1.0368784979,0.1351166279,Industrial Chemicals and Metals
2923,-2.5308747023,0.4634590882,Industrial Chemicals and Metals
3002,-2.8241565314,0.4015145154,Industrial Chemicals and Metals
8403,0.1943175402,0.0987379974,"Construction, Building, and Home Supplies"
8430,-1.1951613157,-0.426850463,Metalworking and Electrical Machinery and Parts
8709,-0.8862364815,-0.3268433077,Metalworking and Electrical Machinery and Parts
6207,3.093749154,-1.3910459077,Textile Apparel and Accessories
2519,-0.4386461701,1.5940443181,Minerals
9021,-2.2586221695,-0.9552921714,Electronic and Electrical Goods
8708,-0.4724912709,-0.3735386152,Metalworking and Electrical Machinery and Parts
7225,-1.4678098571,0.5974770422,Industrial Chemicals and Metals
304,2.4956934346,-0.0290259543,Agriculture
8308,0.5571862246,-1.5332725505,Textile and Home Goods
2918,-2.6997419955,0.7936197431,Industrial Chemicals and Metals
7209,-0.6014225054,0.5889420989,"Construction, Building, and Home Supplies"
9002,-1.9697600174,-2.0454412988,Electronic and Electrical Goods
904,2.4325859409,0.9084708315,Agriculture
3304,0.8808523221,0.0863195471,"Construction, Building, and Home Supplies"
2703,0.5225058257,1.0105874548,Minerals
7020,-0.7346072558,-1.4194225997,"Construction, Building, and Home Supplies"
2934,-2.8143104122,0.8429630873,Industrial Chemicals and Metals
6801,1.4306229325,-0.2728504211,"Construction, Building, and Home Supplies"
8306,1.0100228244,-1.6093445985,Textile and Home Goods
9013,-1.8895767171,-2.0633810281,Electronic and Electrical Goods
105,1.462525525,0.7932189093,Agriculture
2931,-2.7301653756,0.9154104893,Industrial Chemicals and Metals
3917,1.0678609832,0.1811898499,"Construction, Building, and Home Supplies"
6815,-0.5097896179,-0.147584223,Minerals
6912,0.5632885957,-1.3999137646,Textile and Home Goods
7505,-2.0863202936,1.288710975,Industrial Chemicals and Metals
1101,1.6840454348,1.1669905464,Agriculture
7216,0.1940840186,0.35062306,"Construction, Building, and Home Supplies"
9014,-2.0032059308,-1.0370930535,Electronic and Electrical Goods
1302,-2.9418963678,0.7907250622,Agriculture
5105,1.7220058949,1.75052045,Textile and Home Goods
8411,-2.0700228719,-0.9732376539,Metalworking and Electrical Machinery and Parts
3209,1.2167336763,0.1671815595,"Construction, Building, and Home Supplies"
1502,1.2328491102,1.2766995735,Agriculture
7018,0.6985578624,-1.0009340175,Textile and Home Goods
6211,3.0398683912,-1.4728484472,Textile Apparel and Accessories
8508,-1.2797530386,-1.1457607531,Electronic and Electrical Goods
4705,-1.1037906204,0.8560386044,Agriculture
805,2.3245432113,1.2503127268,Agriculture
8527,-1.5864358823,-1.9545102362,Electronic and Electrical Goods
2601,-0.5294420478,1.7178887754,Minerals
4901,0.6668839009,0.3666444572,Agriculture
7110,-2.0766097085,1.4221554384,Industrial Chemicals and Metals
5111,0.6806849037,-1.0512627547,Textile and Home Goods
7404,1.0296003684,0.5073759638,Metalworking and Electrical Machinery and Parts
7224,-0.8422403446,0.2621880581,Metalworking and Electrical Machinery and Parts
4010,-0.8974919157,-0.1272894942,Metalworking and Electrical Machinery and Parts
8516,0.1945165226,-0.796333912,"Construction, Building, and Home Supplies"
8111,-1.3269070352,0.660292239,Industrial Chemicals and Metals
2939,-2.8601221793,0.8877162566,Industrial Chemicals and Metals
3403,-2.3746931141,0.4747862548,Industrial Chemicals and Metals
3003,-2.784267556,0.5409741498,Industrial Chemicals and Metals
7113,-1.2574781371,-2.041542944,Electronic and Electrical Goods
2905,-1.3820526047,1.2838250875,Industrial Chemicals and Metals
3910,-2.2922591183,0.9631216727,Industrial Chemicals and Metals
1517,1.5401757275,0.6154177304,Agriculture
9306,-0.9690644442,0.0070525835,Metalworking and Electrical Machinery and Parts
5902,-0.2372613218,-0.5669840926,Textile and Home Goods
9609,0.7787407348,-1.4675693259,Textile and Home Goods
7220,-1.8412565798,0.4816940685,Industrial Chemicals and Metals
2520,1.7325310546,0.8822820933,Minerals
6205,3.2561739232,-1.4904563107,Textile Apparel and Accessories
7106,-1.6163753654,1.6260562746,Industrial Chemicals and Metals
7218,-1.4523062253,0.6619748296,Metalworking and Electrical Machinery and Parts
3901,-1.6688608062,1.241447859,Industrial Chemicals and Metals
3920,0.7401805766,-0.1202181981,"Construction, Building, and Home Supplies"
8536,-1.2843540861,-1.3272362619,Electronic and Electrical Goods
9031,-1.8913288625,-1.2292236278,Electronic and Electrical Goods
5801,1.3589837709,-1.4355394111,Textile and Home Goods
8481,-1.1614430011,-0.7970447232,Metalworking and Electrical Machinery and Parts
1605,2.7112265114,0.0204264177,Agriculture
8465,-1.4279984634,-0.5443201707,Metalworking and Electrical Machinery and Parts
8534,-1.802185853,-2.042957733,Electronic and Electrical Goods
6101,3.1497262315,-1.386635019,Textile Apparel and Accessories
807,2.4784314832,1.0929402826,Agriculture
7211,-0.7072569279,0.4214493105,"Construction, Building, and Home Supplies"
3814,0.6040934953,0.256766739,"Construction, Building, and Home Supplies"
3919,-2.1151274416,0.3656112388,Industrial Chemicals and Metals
2003,1.0347280621,-0.7765676305,Agriculture
3004,0.6407093113,0.4786035875,"Construction, Building, and Home Supplies"
9405,-0.0024592306,-0.9950428491,"Construction, Building, and Home Supplies"
3904,-1.5967063689,1.0306673835,Industrial Chemicals and Metals
8413,-1.1284490925,-0.6145575411,Metalworking and Electrical Machinery and Parts
1518,0.7727058526,0.7551865728,Agriculture
5101,1.8211254107,1.7525216597,Textile and Home Goods
6704,2.6104998538,-1.1561600592,Textile Apparel and Accessories
2929,-2.3667394793,1.0482000166,Industrial Chemicals and Metals
4205,2.4647334867,-1.2884060459,Agriculture
5601,0.260973278,-0.5872582824,Textile and Home Goods
303,2.625787203,-0.0705232069,Agriculture
5007,1.4707813074,-1.6505301809,Textile and Home Goods
8713,-0.827608812,-0.9355898741,Metalworking and Electrical Machinery and Parts
9029,-1.3183875325,-1.4044160129,Electronic and Electrical Goods
811,1.9538827922,0.722861561,Agriculture
2907,-2.3635579007,1.1083369307,Industrial Chemicals and Metals
4810,-1.3377924417,0.1700599631,Agriculture
6307,2.7657321584,-1.362265304,Textile Apparel and Accessories
3809,-2.059757887,0.4040925896,Industrial Chemicals and Metals
9507,1.8912605588,-1.0873388066,Agriculture
8419,-1.2262362516,-0.5702374641,Metalworking and Electrical Machinery and Parts
7309,0.0420576839,-0.2916054436,"Construction, Building, and Home Supplies"
9030,-1.9750897499,-1.2369072432,Electronic and Electrical Goods
8457,-1.9062987569,-0.0490663441,Metalworking and Electrical Machinery and Parts
8546,-0.7205163073,-0.6999621397,Metalworking and Electrical Machinery and Parts
8414,-1.1878898084,-0.6905927966,Metalworking and Electrical Machinery and Parts
8506,-1.694272416,-1.8184649223,Electronic and Electrical Goods
2835,-0.1222771939,0.9461093185,Industrial Chemicals and Metals
6807,0.0888580971,0.208015116,"Construction, Building, and Home Supplies"
6702,0.6369688703,-1.7335675396,Textile and Home Goods
9403,0.5016539386,-0.4612246875,"Construction, Building, and Home Supplies"
4409,0.6550101847,1.5329053194,Agriculture
706,2.424064054,1.2905265653,Agriculture
9114,-1.5872085819,-2.0272775062,Electronic and Electrical Goods
3102,-0.3557266328,1.2938133791,Industrial Chemicals and Metals
3902,-1.7094170848,1.1589559351,Industrial Chemicals and Metals
8544,0.4193513383,-0.6476695415,"Construction, Building, and Home Supplies"
9105,-1.0279572402,-1.7754607961,Metalworking and Electrical Machinery and Parts
1206,1.1156860793,1.5940259692,Agriculture
5107,0.9245248299,-1.2587345162,Textile and Home Goods
8601,-0.7521132434,0.2599605063,Metalworking and Electrical Machinery and Parts
3907,-1.9091901452,0.893408547,Industrial Chemicals and Metals
7229,-1.3744673716,0.3270686264,Metalworking and Electrical Machinery and Parts
2825,-1.5982669899,1.5629723559,Industrial Chemicals and Metals
603,2.2142638707,0.8594699007,Agriculture
6813,-0.771397785,-0.1235565071,Metalworking and Electrical Machinery and Parts
7013,0.287775686,-0.8111300196,"Construction, Building, and Home Supplies"
2004,1.0806234263,0.8368429133,Agriculture
4401,0.6714586008,1.5932273202,Agriculture
3908,-2.1723865647,0.8516616907,Industrial Chemicals and Metals
7419,-0.6224635327,-0.9092130305,Metalworking and Electrical Machinery and Parts
8545,-1.2447933919,0.3057085983,Metalworking and Electrical Machinery and Parts
7402,-0.395704059,1.9093783825,Industrial Chemicals and Metals
6214,2.6225341619,-1.7574577218,Textile Apparel and Accessories
8473,-1.7244723796,-1.963482208,Electronic and Electrical Goods
9019,-2.0434899306,-1.0908310684,Electronic and Electrical Goods
1601,1.1872152045,0.6446813235,Agriculture
5702,1.6529061277,-0.7695706768,Textile and Home Goods
8424,-1.6461955813,-0.5875083005,Metalworking and Electrical Machinery and Parts
3703,-2.3741534225,0.8988994734,Industrial Chemicals and Metals
4408,0.7612280227,1.5945513385,Agriculture
8711,-1.1384970613,-1.3865276249,Metalworking and Electrical Machinery and Parts
8104,-0.5442616814,0.014986868,Metalworking and Electrical Machinery and Parts
8901,-1.0549600367,1.1318234735,Metalworking and Electrical Machinery and Parts
4001,2.3597465885,0.5209265388,Textile and Home Goods
3821,-2.5794944014,0.306051426,Industrial Chemicals and Metals
7508,-1.7998908616,1.080019547,Industrial Chemicals and Metals
8454,-1.3134169463,-0.1221055265,Metalworking and Electrical Machinery and Parts
9022,-2.1218452826,-0.6512404667,Electronic and Electrical Goods
4407,0.706316036,1.6583434642,Agriculture
9108,-1.6205072912,-2.0698400996,Electronic and Electrical Goods
8701,-0.6058841123,0.0566032699,Metalworking and Electrical Machinery and Parts
5807,1.6806601056,-1.6278059445,Textile and Home Goods
1801,2.4226625578,0.5452482508,Agriculture
208,0.6863964012,1.0250713358,Agriculture
4814,-0.2193850008,0.5347266584,Agriculture
8703,-0.6642626107,-0.3734350921,Metalworking and Electrical Machinery and Parts
1704,1.6609715471,0.4809684598,Agriculture
2803,-1.5369644591,1.0003422792,Industrial Chemicals and Metals
8803,-2.1764169514,-1.0117040297,Electronic and Electrical Goods
4421,0.7227344366,1.4252095768,Agriculture
1511,2.3694782639,0.5925681891,Agriculture
6910,0.7667348527,-0.6820595698,Textile and Home Goods
8475,-1.6853386264,0.0158691523,Metalworking and Electrical Machinery and Parts
808,2.4021035508,1.4682309095,Agriculture
2841,-1.6798912161,1.6046061595,Industrial Chemicals and Metals
6001,1.6473521044,-1.4973056093,Textile and Home Goods
8443,-1.8644947884,-1.7363724886,Electronic and Electrical Goods
2101,1.5288970023,0.3514391108,Agriculture
2517,0.7530967649,0.4149289537,Minerals
2616,-0.3409261332,1.9455371226,Minerals
8431,-1.0384352676,-0.6453110025,Metalworking and Electrical Machinery and Parts
6210,2.9732640037,-1.490345744,Textile Apparel and Accessories
7203,-0.6268972638,1.4136262956,Industrial Chemicals and Metals
1901,1.2484188249,0.8091877459,Agriculture
7409,-0.5172126085,1.1026517431,Industrial Chemicals and Metals
1805,2.1331306511,0.4844682388,Agriculture
2301,2.6472960071,-0.002990873,Agriculture
7303,1.0473742945,-0.1743056109,"Construction, Building, and Home Supplies"
8433,0.1115041879,0.4950493169,Metalworking and Electrical Machinery and Parts
7605,-0.6713811674,1.0678792299,Metalworking and Electrical Machinery and Parts
5512,1.4878114489,-1.4815507204,Textile and Home Goods
8906,-1.020508391,1.2010694727,Metalworking and Electrical Machinery and Parts
406,1.2545595864,0.9871805816,Agriculture
8484,-0.9381897133,-0.7536018994,Metalworking and Electrical Machinery and Parts
8510,-0.6662869126,-1.4130111524,Metalworking and Electrical Machinery and Parts
2602,-0.1931857141,2.0205576861,Minerals
9011,-1.9363846494,-1.7171643676,Electronic and Electrical Goods
3504,-2.6711111135,0.3036706908,Industrial Chemicals and Metals
3818,-2.0950190945,0.583541733,Industrial Chemicals and Metals
9015,-2.0863449906,-0.8832942573,Metalworking and Electrical Machinery and Parts
9020,-1.8273881492,-1.1149874039,Metalworking and Electrical Machinery and Parts
2204,1.3701029434,1.0114099573,Agriculture
3401,1.7944205682,0.8578754438,"Construction, Building, and Home Supplies"
8439,-1.3213764863,-0.4737960253,Metalworking and Electrical Machinery and Parts
2607,-0.3312967305,2.0372962279,Minerals
6110,3.1795900952,-1.5719638479,Textile Apparel and Accessories
705,2.3670220693,1.2974326033,Agriculture
7411,-0.457749702,0.5931423309,"Construction, Building, and Home Supplies"
9701,-2.5450566753,-0.0157514408,Industrial Chemicals and Metals
2708,-0.6814068843,1.1714404413,Minerals
2620,0.0976640611,0.9572396195,Minerals
3215,-2.4578408668,0.3878961087,Industrial Chemicals and Metals
3815,-2.1504823633,0.6307074224,Industrial Chemicals and Metals
3916,0.3443007445,0.0474373032,Metalworking and Electrical Machinery and Parts
806,2.348295473,1.5078253852,Agriculture
1803,2.1885642713,0.4685784206,Agriculture
2712,-0.9706955496,1.1354127476,Minerals
3912,-2.2176643194,0.6466287888,Industrial Chemicals and Metals
4418,0.7607314532,1.3702704809,Agriculture
7204,0.6388246333,0.7924100204,Industrial Chemicals and Metals
7101,-1.3369113562,-2.0114910927,Minerals
7206,-0.5717923467,1.4523112004,Industrial Chemicals and Metals
6117,2.8951534825,-1.5915151518,Textile Apparel and Accessories
2711,-0.9351434182,1.5959756837,Minerals
7412,-0.4314051062,-0.8543751493,Metalworking and Electrical Machinery and Parts
2821,-1.9256344655,0.7405666734,Industrial Chemicals and Metals
8311,-0.7916985735,-0.4729191865,Metalworking and Electrical Machinery and Parts
5112,0.989517185,-1.2651443655,Textile and Home Goods
3817,-1.7318592416,1.2876769279,Industrial Chemicals and Metals
4009,-0.3678084399,-0.6362364843,Metalworking and Electrical Machinery and Parts
5209,1.8400813716,-1.5298600174,Textile and Home Goods
6506,-0.1547091836,-1.4753502849,Textile and Home Goods
9026,-1.8148478573,-0.9743816758,Electronic and Electrical Goods
1507,1.5551975224,0.9172122291,Agriculture
1516,1.9107442663,0.8020634157,Agriculture
712,2.46677894,1.1500663852,Agriculture
3806,-1.8272938847,0.5361697076,Industrial Chemicals and Metals
8482,-0.8483159402,-0.5134211021,Metalworking and Electrical Machinery and Parts
8704,-0.6072066269,-0.2103510024,Metalworking and Electrical Machinery and Parts
8502,-1.4760528018,-0.7061401422,Metalworking and Electrical Machinery and Parts
9111,-1.5468501242,-2.1227336348,Electronic and Electrical Goods
8309,0.9100792587,0.2539018898,"Construction, Building, and Home Supplies"
3914,-1.7366042533,0.4145277648,Industrial Chemicals and Metals
8902,2.5491937162,-0.0909916579,"Construction, Building, and Home Supplies"
2904,-2.1008566448,0.8717083546,Industrial Chemicals and Metals
8448,-1.8333129339,-0.2730662866,Metalworking and Electrical Machinery and Parts
8512,-0.4858117205,-0.7600573248,Metalworking and Electrical Machinery and Parts
7019,0.0353706531,0.0942310435,"Construction, Building, and Home Supplies"
8530,-0.4496255353,-0.0136793808,Metalworking and Electrical Machinery and Parts
9023,-1.5782917868,-0.6665227008,Metalworking and Electrical Machinery and Parts
3212,-2.0899732557,0.1028534103,"Construction, Building, and Home Supplies"
2503,-0.7584717546,1.3402937682,Minerals
4106,2.1250427354,1.6267119801,Agriculture
8702,-0.4746803829,-0.244103023,"Construction, Building, and Home Supplies"
3501,1.001965352,1.2049219641,"Construction, Building, and Home Supplies"
8705,-0.5519170321,-0.2856750324,"Construction, Building, and Home Supplies"
2937,-2.8430937189,0.5822687955,Industrial Chemicals and Metals
2201,1.3461789027,0.4570070958,Agriculture
2508,-0.5465858935,0.4856158121,Minerals
511,2.4777762779,0.1367306175,Agriculture
8401,-2.1789927188,1.0297544388,Industrial Chemicals and Metals
9606,1.6398814925,-1.6638927689,Textile and Home Goods
3811,-2.5068121992,0.6272504969,Industrial Chemicals and Metals
7221,-1.8634559231,0.576960529,Industrial Chemicals and Metals
1001,1.0706683771,1.5368849507,Agriculture
2716,0.385704364,1.2731677136,Minerals
210,1.0417098681,0.9132577535,Agriculture
2529,-0.3822145814,1.815445825,Minerals
7607,-1.3812616268,-0.1780001246,Metalworking and Electrical Machinery and Parts
8421,-1.0899473148,-0.7255628265,Metalworking and Electrical Machinery and Parts
8604,-0.223391424,0.6064525359,Industrial Chemicals and Metals
6203,3.2114152955,-1.4250638684,Textile Apparel and Accessories
8423,-1.5553496371,-0.9462373041,Metalworking and Electrical Machinery and Parts
5210,1.5744321809,-1.5852058661,Textile and Home Goods
409,2.0284193941,1.1307980681,Agriculture
5607,1.7608340527,-0.8470247137,Textile and Home Goods
9027,-2.1595773195,-0.9143862848,Electronic and Electrical Goods
9506,-0.6867732346,-1.6421612651,Electronic and Electrical Goods
8542,-1.7612973869,-2.1777506838,Electronic and Electrical Goods
6902,-0.817837279,0.1920409523,Metalworking and Electrical Machinery and Parts
8467,-1.3076437061,-0.9187630802,Metalworking and Electrical Machinery and Parts
2932,-2.8574380628,0.7885086973,Industrial Chemicals and Metals
9703,-2.5550103979,-0.1011602419,Industrial Chemicals and Metals
7604,0.6608111174,-0.2237546682,"Construction, Building, and Home Supplies"
2925,-2.455961012,0.8427322468,Industrial Chemicals and Metals
4203,2.7685542239,-1.6690912974,Agriculture
4817,1.179656319,0.0649457278,Agriculture
6403,2.8424126962,-1.6436658481,Textile Apparel and Accessories
3305,0.9767181243,0.1455823451,"Construction, Building, and Home Supplies"
6302,2.781701733,-1.2931079713,Textile Apparel and Accessories
8001,-1.6787349175,-1.8768535983,Industrial Chemicals and Metals
9025,-1.8404985516,-1.2843486983,Electronic and Electrical Goods
7201,-0.5686449404,1.397637512,Minerals
2606,0.5573351405,1.6043717676,Minerals
2843,-2.3184969176,1.2840355667,Industrial Chemicals and Metals
602,2.1681072924,0.906260208,Agriculture
8476,-1.2410426197,-1.0958061551,Electronic and Electrical Goods
5810,1.7102760207,-1.6727353221,Textile and Home Goods
2402,1.0918060531,0.4627077319,Agriculture
1103,1.6444362024,1.25112422,Agriculture
8907,-1.0291228919,-0.4997852936,Metalworking and Electrical Machinery and Parts
5906,-0.331153072,-0.224539526,Textile and Home Goods
301,2.6222392645,-0.2470692052,Agriculture
710,2.2127502597,1.0049762545,Agriculture
8466,-1.3756744092,-0.4338278248,Metalworking and Electrical Machinery and Parts
7308,0.6082443107,-0.1056653609,"Construction, Building, and Home Supplies"
7302,-0.5974890117,0.4585155498,Metalworking and Electrical Machinery and Parts
2203,1.2338969007,0.5484665819,Agriculture
8715,-0.2023238657,-1.0937466434,Metalworking and Electrical Machinery and Parts
7202,-0.3866821181,1.5501820748,Minerals
5509,1.5227105145,-1.5287918177,Textile and Home Goods
8302,-0.1776946754,-1.0007209931,Metalworking and Electrical Machinery and Parts
8462,-1.502817553,-0.4119138978,Metalworking and Electrical Machinery and Parts
405,1.1364967639,1.1674922398,Agriculture
9012,-2.3165833489,-0.101382559,Industrial Chemicals and Metals
4821,1.253070489,0.1184360922,Agriculture
1107,0.8650217601,1.2561364187,Agriculture
2709,-0.7594063911,1.4917204118,Minerals
6806,0.0072761738,0.6100445919,Minerals
7115,-1.8657831306,1.4603977213,Industrial Chemicals and Metals
4403,0.8475935316,1.6350569831,Agriculture
5510,1.42937402,-1.5795624074,Textile and Home Goods
4702,-1.1059340061,0.7842147086,Agriculture
9033,-1.8249196672,-1.3406869245,Electronic and Electrical Goods
7006,-1.4817318998,-1.7158423025,Industrial Chemicals and Metals
1806,1.3648619735,0.7546194154,Agriculture
8209,-1.9880026983,0.2802387803,Industrial Chemicals and Metals
2902,-1.797567322,1.2574575367,Industrial Chemicals and Metals
6114,3.1788687458,-1.4927964653,Textile Apparel and Accessories
2008,2.0582029923,0.8289817283,Agriculture
401,1.1543950311,0.849558556,Agriculture
2814,-0.6299408691,1.3536582503,Industrial Chemicals and Metals
2612,-0.303085246,1.988929931,Minerals
206,1.2520614558,1.3548833032,Agriculture
3823,-2.4567883936,0.4759266069,Industrial Chemicals and Metals
4707,1.198717059,0.4911520187,Agriculture
8540,-1.634067131,-1.509337674,Industrial Chemicals and Metals
2005,2.0818394103,0.893219021,Agriculture
1504,2.5191617414,0.034473359,Agriculture
3906,-2.1145190629,0.8102343413,Industrial Chemicals and Metals
2941,-2.8989949385,0.8398056625,Industrial Chemicals and Metals
8205,-1.2411336442,-0.9077521651,Metalworking and Electrical Machinery and Parts
3925,0.6784102079,-0.0689291052,"Construction, Building, and Home Supplies"
1514,0.727327109,1.1583944007,Agriculture
7223,-1.9993797226,0.7046939388,Industrial Chemicals and Metals
1904,1.6020927502,0.6058231699,Agriculture
1513,2.4854542471,0.5432619569,Agriculture
6913,0.7150281024,-1.5140502595,Textile and Home Goods
307,2.6986426329,-0.0687058409,Agriculture
1902,1.6329320861,0.5411951648,Agriculture
4818,1.2865205594,0.1973812404,Agriculture
2103,1.5969764881,0.3759279158,Agriculture
3204,-2.5373579826,0.9378807419,Industrial Chemicals and Metals
